{
  "name": "statblock-library",
  "title": "Pathfinder 1e Statblock Library",
  "description": "Contains organized Statblocks for Pathfinder 1e from over 200 Books and 192 PFS Scenarios; including 23 Full Adventure Pathss, NPC Codexes, Tome of Horrors, Occult Bestiary, and various modules (Emerald Spire, Rappan Athuk, Sword of Air, The Lost City of Barakus (FGG)) that can be easily imported using SBC",
  "version": "0.2.2",
  "minimumCoreVersion": "9",
  "compatibleCoreVersion": "9",
  "systems": ["pf1"],
  "author": "fadedshadow589#8270",
  "url":"https://github.com/baileymh/statblock-library",
  "manifest": "https://github.com/baileymh/statblock-library/releases/download/0.2.2/module.json",
  "download":"https://github.com/baileymh/statblock-library/releases/download/0.2.2/statblock-library.v0.2.2.zip",
  "readme":"https://github.com/baileymh/statblock-library/blob/main/README.md",
  "changelog":"https://github.com/baileymh/statblock-library/blob/main/changelog.md",
  "scripts": ["./scripts/welcome-screen.js"],
  "packs": [
    {
      "name": "sb-bestiaries1-3",
      "label": "Bestiaries 1-3 (Statblocks)",
      "system": "pf1",
      "path": "packs/sb-bestiaries1-3.db",
      "entity": "JournalEntry",
      "module": "statblock-library"
    },
    {
      "name": "sb-bestiaries4-6",
      "label": "Bestiaries 4-6 (Statblocks)",
      "system": "pf1",
      "path": "packs/sb-bestiaries4-6.db",
      "entity": "JournalEntry",
      "module": "statblock-library"
    },
    {
      "name": "sb-campaign-settings",
      "label": "Companion and Campaign Settings (Statblocks)",
      "system": "pf1",
      "path": "packs/sb-campaign-settings.db",
      "entity": "JournalEntry",
      "module": "statblock-library"
    },
    {
      "name": "sb-emerald-spire",
      "label": "Emerald Spire Megadungeon (Statblocks)",
      "system": "pf1",
      "path": "packs/sb-emerald-spire.db",
      "entity": "JournalEntry",
      "module": "statblock-library"
    },
    {
      "name": "sb-monsters-dragons",
      "label": "Monsters and Dragons (Statblocks)",
      "system": "pf1",
      "path": "packs/sb-monsters-dragons.db",
      "entity": "JournalEntry",
      "module": "statblock-library"
    },
    {
      "name": "sb-mythic-monsters",
      "label": "Mythic Monsters (Statblocks)",
      "system": "pf1",
      "path": "packs/sb-mythic-monsters.db",
      "entity": "JournalEntry",
      "module": "statblock-library"
    },
    {
      "name": "sb-npcs-and-villians",
      "label": "NPCs and Villians (Statblocks)",
      "system": "pf1",
      "path": "packs/sb-npcs-and-villians.db",
      "entity": "JournalEntry",
      "module": "statblock-library"
    },
    {
      "name": "sb-occult-bestiary",
      "label": "Occult Bestiary (Statblocks)",
      "system": "pf1",
      "path": "packs/sb-occult-bestiary.db",
      "entity": "JournalEntry",
      "module": "statblock-library"
    },
    {
      "name": "sb-pfs",
      "label": "PFS (Statblocks)",
      "system": "pf1",
      "path": "packs/sb-pfs.db",
      "entity": "JournalEntry",
      "module": "statblock-library"
    },  
    {
      "name": "sb-rappan-athuk",
      "label": "Rappan Athuk (FGG) (Statblocks)",
      "system": "pf1",
      "path": "packs/sb-rappan-athuk.db",
      "entity": "JournalEntry",
      "module": "statblock-library"
    },
    {
      "name": "sb-sword-of-air",
      "label": "Sword of Air (FGG) (Statblocks)",
      "system": "pf1",
      "path": "packs/sb-sword-of-air.db",
      "entity": "JournalEntry",
      "module": "statblock-library"
    },  
    {
      "name": "sb-tome-of-horrors",
      "label": "Tome of Horrors (Statblocks)",
      "system": "pf1",
      "path": "packs/sb-tome-of-horrors.db",
      "entity": "JournalEntry",
      "module": "statblock-library"
    },
    {
      "name": "sb-lost-city-barakus",
      "label": "The Lost City of Barakus (FGG) (Statblocks)",
      "system": "pf1",
      "path": "packs/sb-lost-city-barakus.db",
      "entity": "JournalEntry",
      "module": "statblock-library"
    },  
    {
      "name": "sb-we-be-goblins",
      "label": "We Be Goblins (Statblocks)",
      "system": "pf1",
      "path": "packs/sb-we-be-goblins.db",
      "entity": "JournalEntry",
      "module": "statblock-library"
    },
    {
      "name": "sb-carrion-crown",
      "label": "AP - Carrion Crown (Statblocks)",
      "system": "pf1",
      "path": "packs/sb-carrion-crown.db",
      "entity": "JournalEntry",
      "module": "statblock-library"
    },
    {
      "name": "sb-council-of-thieves",
      "label": "AP - Council of Thieves (Statblocks)",
      "system": "pf1",
      "path": "packs/sb-council-of-thieves.db",
      "entity": "JournalEntry",
      "module": "statblock-library"
    },
    {
      "name": "sb-curse-crimson-throne",
      "label": "AP - Curse of the Crimson Throne (Statblocks)",
      "system": "pf1",
      "path": "packs/sb-curse-crimson-throne.db",
      "entity": "JournalEntry",
      "module": "statblock-library"
    },
    {
      "name": "sb-giantslayer",
      "label": "AP - Giantslayer (Statblocks)",
      "system": "pf1",
      "path": "packs/sb-giantslayer.db",
      "entity": "JournalEntry",
      "module": "statblock-library"
    },
    {
      "name": "sb-hells-rebels",
      "label": "AP - Hell's Rebels (Statblocks)",
      "system": "pf1",
      "path": "packs/sb-hells-rebels.db",
      "entity": "JournalEntry",
      "module": "statblock-library"
    },
    {
      "name": "sb-hells-vengeance",
      "label": "AP - Hell's Vengeance (Statblocks)",
      "system": "pf1",
      "path": "packs/sb-hells-vengeance.db",
      "entity": "JournalEntry",
      "module": "statblock-library"
    },
    {
      "name": "sb-iron-gods",
      "label": "AP - Iron Gods (Statblocks)",
      "system": "pf1",
      "path": "packs/sb-iron-gods.db",
      "entity": "JournalEntry",
      "module": "statblock-library"
    },
    {
      "name": "sb-ironfang-invasion",
      "label": "AP - Ironfang Invasion (Statblocks)",
      "system": "pf1",
      "path": "packs/sb-ironfang-invasion.db",
      "entity": "JournalEntry",
      "module": "statblock-library"
    },
    {
      "name": "sb-jade-regent",
      "label": "AP - Jade Regent (Statblocks)",
      "system": "pf1",
      "path": "packs/sb-jade-regent.db",
      "entity": "JournalEntry",
      "module": "statblock-library"
    },
    {
      "name": "sb-kingmaker",
      "label": "AP - Kingmaker (Statblocks)",
      "system": "pf1",
      "path": "packs/sb-kingmaker.db",
      "entity": "JournalEntry",
      "module": "statblock-library"
    },
    {
      "name": "sb-mummys-mask",
      "label": "AP - Mummy's Mask (Statblocks)",
      "system": "pf1",
      "path": "packs/sb-mummys-mask.db",
      "entity": "JournalEntry",
      "module": "statblock-library"
    },
    {
      "name": "sb-rise-of-runelords",
      "label": "AP - Rise of the Runelords (Statblocks)",
      "system": "pf1",
      "path": "packs/sb-rise-of-runelords.db",
      "entity": "JournalEntry",
      "module": "statblock-library"
    },
    {
      "name": "sb-serpents-skull",
      "label": "AP - Serpent's Skull (Statblocks)",
      "system": "pf1",
      "path": "packs/sb-serpents-skull.db",
      "entity": "JournalEntry",
      "module": "statblock-library"
    },
    {
      "name": "sb-skull-shackles",
      "label": "AP - Skull & Shackles (Statblocks)",
      "system": "pf1",
      "path": "packs/sb-skull-shackles.db",
      "entity": "JournalEntry",
      "module": "statblock-library"
    },
    {
      "name": "sb-shattered-star",
      "label": "AP - Shattered Star (Statblocks)",
      "system": "pf1",
      "path": "packs/sb-shattered-star.db",
      "entity": "JournalEntry",
      "module": "statblock-library"
    },
    {
      "name": "sb-reign-of-winter",
      "label": "AP - Reign of Winter (Statblocks)",
      "system": "pf1",
      "path": "packs/sb-reign-of-winter.db",
      "entity": "JournalEntry",
      "module": "statblock-library"
    },
    {
      "name": "sb-return-of-runelords",
      "label": "AP - Return of the Runelords (Statblocks)",
      "system": "pf1",
      "path": "packs/sb-return-of-runelords.db",
      "entity": "JournalEntry",
      "module": "statblock-library"
    },
    {
      "name": "sb-ruins-of-azlant",
      "label": "AP - Ruins of Azlant (Statblocks)",
      "system": "pf1",
      "path": "packs/sb-ruins-of-azlant.db",
      "entity": "JournalEntry",
      "module": "statblock-library"
    },
    {
      "name": "sb-strange-aeons",
      "label": "AP - Strange Aeons (Statblocks)",
      "system": "pf1",
      "path": "packs/sb-strange-aeons.db",
      "entity": "JournalEntry",
      "module": "statblock-library"
    },
    {
      "name": "sb-tyrants-grasp",
      "label": "AP - Tyrant's Grasp (Statblocks)",
      "system": "pf1",
      "path": "packs/sb-tyrants-grasp.db",
      "entity": "JournalEntry",
      "module": "statblock-library"
    },
    {
      "name": "sb-war-for-the-crown",
      "label": "AP - War for the Crown (Statblocks)",
      "system": "pf1",
      "path": "packs/sb-war-for-the-crown.db",
      "entity": "JournalEntry",
      "module": "statblock-library"
    },
    {
      "name": "sb-wrath-righteous",
      "label": "AP - Wrath of the Righteous (Statblocks)",
      "system": "pf1",
      "path": "packs/sb-wrath-righteous.db",
      "entity": "JournalEntry",
      "module": "statblock-library"
    }
  ]
}
